sensor_id,timestamp,value
1546,2/28/2016 5:00,NA
1558,2/28/2016 5:00,0
1559,2/28/2016 5:00,73
1564,2/28/2016 5:00,0
1573,2/28/2016 5:00,0
1579,2/28/2016 5:00,0
1588,2/28/2016 5:00,0
1600,2/28/2016 5:00,0
1604,2/28/2016 5:00,69.20645161
1608,2/28/2016 5:00,0
1613,2/28/2016 5:00,68.06774194
1617,2/28/2016 5:00,0
1618,2/28/2016 5:00,0
1627,2/28/2016 5:00,0
1632,2/28/2016 5:00,0
1645,2/28/2016 5:00,0
1546,2/28/2016 6:00,0
1558,2/28/2016 6:00,0
1564,2/28/2016 6:00,0
1600,2/28/2016 6:00,0
1604,2/28/2016 6:00,68.20666667
1608,2/28/2016 6:00,0
1613,2/28/2016 6:00,67.17333333
1617,2/28/2016 6:00,0
1627,2/28/2016 6:00,0
1645,2/28/2016 6:00,0
1546,2/28/2016 7:00,0
1558,2/28/2016 7:00,0
1564,2/28/2016 7:00,0
1600,2/28/2016 7:00,0
1604,2/28/2016 7:00,67.4
1608,2/28/2016 7:00,0
1613,2/28/2016 7:00,66.3
1617,2/28/2016 7:00,0
1627,2/28/2016 7:00,0
1645,2/28/2016 7:00,0
1546,2/28/2016 8:00,0
1558,2/28/2016 8:00,0
1564,2/28/2016 8:00,0
1600,2/28/2016 8:00,0
1604,2/28/2016 8:00,66.49333333
1608,2/28/2016 8:00,0
1613,2/28/2016 8:00,65.44
1617,2/28/2016 8:00,0
1627,2/28/2016 8:00,0
1645,2/28/2016 8:00,0
1546,2/28/2016 9:00,118
1558,2/28/2016 9:00,0
1564,2/28/2016 9:00,0
1600,2/28/2016 9:00,0
1604,2/28/2016 9:00,65.73333333
1608,2/28/2016 9:00,0
1613,2/28/2016 9:00,64.72
1617,2/28/2016 9:00,0
1627,2/28/2016 9:00,0
1645,2/28/2016 9:00,0
1546,2/28/2016 10:00,0
1558,2/28/2016 10:00,0
1564,2/28/2016 10:00,0
1600,2/28/2016 10:00,0
1604,2/28/2016 10:00,66.22666667
1608,2/28/2016 10:00,0
1613,2/28/2016 10:00,64.65333333
1617,2/28/2016 10:00,0
1627,2/28/2016 10:00,0
1645,2/28/2016 10:00,0
1546,2/28/2016 11:00,788
1558,2/28/2016 11:00,2424
1559,2/28/2016 11:00,70.17647059
1564,2/28/2016 11:00,0
1579,2/28/2016 11:00,1
1600,2/28/2016 11:00,0
1604,2/28/2016 11:00,67.92666667
1608,2/28/2016 11:00,2964
1613,2/28/2016 11:00,65.93333333
1617,2/28/2016 11:00,529
1627,2/28/2016 11:00,2333
1632,2/28/2016 11:00,2
1645,2/28/2016 11:00,366
1546,2/28/2016 12:00,0
1558,2/28/2016 12:00,741
1559,2/28/2016 12:00,72
1564,2/28/2016 12:00,622
1600,2/28/2016 12:00,0
1604,2/28/2016 12:00,70.35333333
1608,2/28/2016 12:00,0
1613,2/28/2016 12:00,67.96666667
1617,2/28/2016 12:00,452
1618,2/28/2016 12:00,3
1627,2/28/2016 12:00,0
1632,2/28/2016 12:00,2
1645,2/28/2016 12:00,1043
1546,2/28/2016 13:00,0
1558,2/28/2016 13:00,0
1564,2/28/2016 13:00,0
1600,2/28/2016 13:00,0
1604,2/28/2016 13:00,67.4
1608,2/28/2016 13:00,0
1613,2/28/2016 13:00,65.68666667
1617,2/28/2016 13:00,0
1627,2/28/2016 13:00,0
1645,2/28/2016 13:00,0
1546,2/28/2016 14:00,0
1558,2/28/2016 14:00,0
1564,2/28/2016 14:00,0
1600,2/28/2016 14:00,0
1604,2/28/2016 14:00,66.67333333
1608,2/28/2016 14:00,0
1613,2/28/2016 14:00,64.85333333
1617,2/28/2016 14:00,0
1627,2/28/2016 14:00,0
1645,2/28/2016 14:00,0
1546,2/28/2016 15:00,0
1558,2/28/2016 15:00,0
1564,2/28/2016 15:00,0
1600,2/28/2016 15:00,0
1604,2/28/2016 15:00,67.25333333
1608,2/28/2016 15:00,0
1613,2/28/2016 15:00,65.41333333
1617,2/28/2016 15:00,0
1627,2/28/2016 15:00,0
1645,2/28/2016 15:00,0
1546,2/28/2016 16:00,0
1558,2/28/2016 16:00,0
1564,2/28/2016 16:00,0
1600,2/28/2016 16:00,0
1604,2/28/2016 16:00,68.46666667
1608,2/28/2016 16:00,0
1613,2/28/2016 16:00,66.50666667
1617,2/28/2016 16:00,0
1627,2/28/2016 16:00,0
1645,2/28/2016 16:00,0
1546,2/28/2016 17:00,1036
1558,2/28/2016 17:00,1015
1559,2/28/2016 17:00,73
1564,2/28/2016 17:00,0
1579,2/28/2016 17:00,1
1588,2/28/2016 17:00,2
1600,2/28/2016 17:00,2208
1604,2/28/2016 17:00,70.26
1608,2/28/2016 17:00,1651
1613,2/28/2016 17:00,67.88
1617,2/28/2016 17:00,0
1618,2/28/2016 17:00,3
1627,2/28/2016 17:00,3187
1632,2/28/2016 17:00,4
1645,2/28/2016 17:00,1143
1546,2/28/2016 18:00,3159
1558,2/28/2016 18:00,3259
1559,2/28/2016 18:00,74
1564,2/28/2016 18:00,537
1600,2/28/2016 18:00,0
1604,2/28/2016 18:00,72.41333333
1608,2/28/2016 18:00,2696
1613,2/28/2016 18:00,69.4
1617,2/28/2016 18:00,0
1618,2/28/2016 18:00,1
1627,2/28/2016 18:00,1130
1632,2/28/2016 18:00,3
1645,2/28/2016 18:00,3376
1546,2/28/2016 19:00,0
1558,2/28/2016 19:00,0
1564,2/28/2016 19:00,0
1600,2/28/2016 19:00,0
1604,2/28/2016 19:00,74.03333333
1608,2/28/2016 19:00,0
1613,2/28/2016 19:00,70.84
1617,2/28/2016 19:00,0
1627,2/28/2016 19:00,947
1645,2/28/2016 19:00,116
1546,2/28/2016 20:00,7019
1558,2/28/2016 20:00,3426
1559,2/28/2016 20:00,76
1564,2/28/2016 20:00,1618
1600,2/28/2016 20:00,0
1604,2/28/2016 20:00,75.34666667
1608,2/28/2016 20:00,1215
1613,2/28/2016 20:00,72.04666667
1617,2/28/2016 20:00,0
1627,2/28/2016 20:00,716
1632,2/28/2016 20:00,2
1645,2/28/2016 20:00,6170
1546,2/28/2016 21:00,1260
1558,2/28/2016 21:00,3105
1559,2/28/2016 21:00,77
1564,2/28/2016 21:00,0
1573,2/28/2016 21:00,1
1579,2/28/2016 21:00,1
1600,2/28/2016 21:00,2107
1604,2/28/2016 21:00,76.37333333
1608,2/28/2016 21:00,1257
1613,2/28/2016 21:00,72.98666667
1617,2/28/2016 21:00,3600
1627,2/28/2016 21:00,2197
1645,2/28/2016 21:00,2107
1546,2/28/2016 22:00,0
1558,2/28/2016 22:00,0
1564,2/28/2016 22:00,0
1573,2/28/2016 22:00,0
1600,2/28/2016 22:00,0
1604,2/28/2016 22:00,76.33103448
1608,2/28/2016 22:00,0
1613,2/28/2016 22:00,73.42666667
1617,2/28/2016 22:00,3600
1627,2/28/2016 22:00,7
1645,2/28/2016 22:00,585
1546,2/28/2016 23:00,0
1558,2/28/2016 23:00,0
1559,2/28/2016 23:00,77
1564,2/28/2016 23:00,0
1600,2/28/2016 23:00,0
1604,2/28/2016 23:00,75.64666667
1608,2/28/2016 23:00,0
1613,2/28/2016 23:00,73.24
1617,2/28/2016 23:00,0
1627,2/28/2016 23:00,0
1645,2/28/2016 23:00,0
1546,2/29/2016 0:00,2792
1558,2/29/2016 0:00,2878
1559,2/29/2016 0:00,76
1564,2/29/2016 0:00,0
1573,2/29/2016 0:00,1
1600,2/29/2016 0:00,0
1604,2/29/2016 0:00,74.54
1608,2/29/2016 0:00,252
1613,2/29/2016 0:00,72.53333333
1617,2/29/2016 0:00,0
1627,2/29/2016 0:00,2629
1645,2/29/2016 0:00,3134
1546,2/29/2016 1:00,0
1558,2/29/2016 1:00,0
1564,2/29/2016 1:00,0
1588,2/29/2016 1:00,1
1600,2/29/2016 1:00,0
1604,2/29/2016 1:00,73.35333333
1608,2/29/2016 1:00,2823
1613,2/29/2016 1:00,71.61333333
1617,2/29/2016 1:00,0
1627,2/29/2016 1:00,1261
1632,2/29/2016 1:00,1
1645,2/29/2016 1:00,2489
1546,2/29/2016 2:00,6299
1558,2/29/2016 2:00,2638
1559,2/29/2016 2:00,75
1564,2/29/2016 2:00,0
1579,2/29/2016 2:00,1
1588,2/29/2016 2:00,1
1600,2/29/2016 2:00,0
1604,2/29/2016 2:00,72.24
1608,2/29/2016 2:00,538
1613,2/29/2016 2:00,70.6
1617,2/29/2016 2:00,0
1627,2/29/2016 2:00,549
1645,2/29/2016 2:00,1134
1546,2/29/2016 3:00,796
1558,2/29/2016 3:00,35
1559,2/29/2016 3:00,74
1564,2/29/2016 3:00,0
1600,2/29/2016 3:00,0
1604,2/29/2016 3:00,70.98
1608,2/29/2016 3:00,257
1613,2/29/2016 3:00,69.63333333
1617,2/29/2016 3:00,0
1627,2/29/2016 3:00,438
1645,2/29/2016 3:00,2735
1546,2/29/2016 4:00,0
1558,2/29/2016 4:00,0
1564,2/29/2016 4:00,0
1600,2/29/2016 4:00,0
1604,2/29/2016 4:00,69.76666667
1608,2/29/2016 4:00,0
1613,2/29/2016 4:00,68.61333333
1617,2/29/2016 4:00,0
1627,2/29/2016 4:00,0
1645,2/29/2016 4:00,0
1546,2/29/2016 5:00,0
1558,2/29/2016 5:00,0
1559,2/29/2016 5:00,72
1564,2/29/2016 5:00,0
1600,2/29/2016 5:00,0
1604,2/29/2016 5:00,68.62666667
1608,2/29/2016 5:00,0
1613,2/29/2016 5:00,67.61333333
1617,2/29/2016 5:00,0
1627,2/29/2016 5:00,0
1645,2/29/2016 5:00,0
1546,2/29/2016 6:00,95
1558,2/29/2016 6:00,0
1564,2/29/2016 6:00,0
1600,2/29/2016 6:00,0
1604,2/29/2016 6:00,67.61333333
1608,2/29/2016 6:00,0
1613,2/29/2016 6:00,66.64666667
1617,2/29/2016 6:00,0
1627,2/29/2016 6:00,0
1645,2/29/2016 6:00,0
1546,2/29/2016 7:00,0
1558,2/29/2016 7:00,0
1564,2/29/2016 7:00,0
1600,2/29/2016 7:00,0
1604,2/29/2016 7:00,66.73333333
1608,2/29/2016 7:00,0
1613,2/29/2016 7:00,65.72
1617,2/29/2016 7:00,0
1627,2/29/2016 7:00,0
1645,2/29/2016 7:00,0
1546,2/29/2016 8:00,0
1558,2/29/2016 8:00,0
1564,2/29/2016 8:00,0
1600,2/29/2016 8:00,0
1604,2/29/2016 8:00,65.71333333
1608,2/29/2016 8:00,0
1613,2/29/2016 8:00,64.8
1617,2/29/2016 8:00,0
1627,2/29/2016 8:00,0
1645,2/29/2016 8:00,0
1546,2/29/2016 9:00,0
1558,2/29/2016 9:00,0
1564,2/29/2016 9:00,0
1600,2/29/2016 9:00,0
1604,2/29/2016 9:00,65.82666667
1608,2/29/2016 9:00,0
1613,2/29/2016 9:00,64.30666667
1617,2/29/2016 9:00,0
1627,2/29/2016 9:00,0
1645,2/29/2016 9:00,0
1546,2/29/2016 10:00,72
1558,2/29/2016 10:00,0
1564,2/29/2016 10:00,0
1600,2/29/2016 10:00,0
1604,2/29/2016 10:00,66.55333333
1608,2/29/2016 10:00,0
1613,2/29/2016 10:00,64.48666667
1617,2/29/2016 10:00,0
1627,2/29/2016 10:00,0
1645,2/29/2016 10:00,0
1546,2/29/2016 11:00,0
1558,2/29/2016 11:00,0
1559,2/29/2016 11:00,69
1564,2/29/2016 11:00,0
1600,2/29/2016 11:00,0
1604,2/29/2016 11:00,66.79333333
1608,2/29/2016 11:00,0
1613,2/29/2016 11:00,64.61333333
1617,2/29/2016 11:00,0
1627,2/29/2016 11:00,0
1645,2/29/2016 11:00,0
1546,2/29/2016 12:00,70
1558,2/29/2016 12:00,3038
1559,2/29/2016 12:00,69
1564,2/29/2016 12:00,0
1579,2/29/2016 12:00,1
1600,2/29/2016 12:00,0
1604,2/29/2016 12:00,67.21333333
1608,2/29/2016 12:00,2453
1613,2/29/2016 12:00,64.8
1617,2/29/2016 12:00,0
1618,2/29/2016 12:00,4
1627,2/29/2016 12:00,2773
1632,2/29/2016 12:00,2
1645,2/29/2016 12:00,3178
1546,2/29/2016 13:00,1187
1558,2/29/2016 13:00,1283
1559,2/29/2016 13:00,69
1564,2/29/2016 13:00,0
1573,2/29/2016 13:00,2
1600,2/29/2016 13:00,0
1604,2/29/2016 13:00,67.23333333
1608,2/29/2016 13:00,544
1613,2/29/2016 13:00,64.91333333
1617,2/29/2016 13:00,3600
1618,2/29/2016 13:00,5
1627,2/29/2016 13:00,0
1632,2/29/2016 13:00,1
1645,2/29/2016 13:00,1330
1546,2/29/2016 14:00,3600
1558,2/29/2016 14:00,1761
1559,2/29/2016 14:00,70
1564,2/29/2016 14:00,0
1600,2/29/2016 14:00,0
1604,2/29/2016 14:00,66.82666667
1608,2/29/2016 14:00,427
1613,2/29/2016 14:00,65.02
1617,2/29/2016 14:00,3600
1618,2/29/2016 14:00,6
1627,2/29/2016 14:00,0
1632,2/29/2016 14:00,1
1645,2/29/2016 14:00,2170
1546,2/29/2016 15:00,0
1558,2/29/2016 15:00,757
1559,2/29/2016 15:00,71
1564,2/29/2016 15:00,0
1600,2/29/2016 15:00,0
1604,2/29/2016 15:00,67.78666667
1608,2/29/2016 15:00,262
1613,2/29/2016 15:00,65.90666667
1617,2/29/2016 15:00,0
1618,2/29/2016 15:00,2
1627,2/29/2016 15:00,2277
1645,2/29/2016 15:00,907
1546,2/29/2016 16:00,3600
1558,2/29/2016 16:00,0
1564,2/29/2016 16:00,0
1600,2/29/2016 16:00,0
1604,2/29/2016 16:00,69.68666667
1608,2/29/2016 16:00,26
1613,2/29/2016 16:00,67.39333333
1617,2/29/2016 16:00,0
1627,2/29/2016 16:00,1221
1645,2/29/2016 16:00,4875
1546,2/29/2016 17:00,3600
1558,2/29/2016 17:00,0
1559,2/29/2016 17:00,73
1564,2/29/2016 17:00,0
1588,2/29/2016 17:00,1
1600,2/29/2016 17:00,0
1604,2/29/2016 17:00,71.91333333
1608,2/29/2016 17:00,2254
1613,2/29/2016 17:00,68.99333333
1617,2/29/2016 17:00,0
1627,2/29/2016 17:00,1275
1632,2/29/2016 17:00,2
1645,2/29/2016 17:00,3782
1546,2/29/2016 18:00,232
1558,2/29/2016 18:00,2744
1559,2/29/2016 18:00,75
1564,2/29/2016 18:00,0
1600,2/29/2016 18:00,0
1604,2/29/2016 18:00,74.12666667
1608,2/29/2016 18:00,1907
1613,2/29/2016 18:00,71.00666667
1617,2/29/2016 18:00,534
1618,2/29/2016 18:00,3
1627,2/29/2016 18:00,669
1645,2/29/2016 18:00,3355
1546,2/29/2016 19:00,110
1558,2/29/2016 19:00,3578
1559,2/29/2016 19:00,76
1564,2/29/2016 19:00,0
1573,2/29/2016 19:00,1
1600,2/29/2016 19:00,0
1604,2/29/2016 19:00,76
1608,2/29/2016 19:00,2729
1613,2/29/2016 19:00,72.68666667
1617,2/29/2016 19:00,0
1627,2/29/2016 19:00,1347
1645,2/29/2016 19:00,3098
1546,2/29/2016 20:00,3419
1558,2/29/2016 20:00,0
1564,2/29/2016 20:00,0
1600,2/29/2016 20:00,0
1604,2/29/2016 20:00,77.32
1608,2/29/2016 20:00,0
1613,2/29/2016 20:00,73.46666667
1617,2/29/2016 20:00,0
1627,2/29/2016 20:00,570
1645,2/29/2016 20:00,502
1546,2/29/2016 21:00,3600
1558,2/29/2016 21:00,0
1564,2/29/2016 21:00,0
1600,2/29/2016 21:00,0
1604,2/29/2016 21:00,77.44666667
1608,2/29/2016 21:00,456
1613,2/29/2016 21:00,74.07333333
1617,2/29/2016 21:00,0
1627,2/29/2016 21:00,742
1645,2/29/2016 21:00,4317
1546,2/29/2016 22:00,0
1558,2/29/2016 22:00,0
1559,2/29/2016 22:00,78
1564,2/29/2016 22:00,0
1600,2/29/2016 22:00,0
1604,2/29/2016 22:00,77.29333333
1608,2/29/2016 22:00,0
1613,2/29/2016 22:00,74.36
1617,2/29/2016 22:00,0
1627,2/29/2016 22:00,1443
1645,2/29/2016 22:00,0
1546,2/29/2016 23:00,3600
1558,2/29/2016 23:00,0
1564,2/29/2016 23:00,429
1579,2/29/2016 23:00,1
1588,2/29/2016 23:00,1
1600,2/29/2016 23:00,0
1604,2/29/2016 23:00,76.84
1608,2/29/2016 23:00,817
1613,2/29/2016 23:00,74.22666667
1617,2/29/2016 23:00,0
1627,2/29/2016 23:00,190
1632,2/29/2016 23:00,3
1645,2/29/2016 23:00,4206
1546,3/1/2016 0:00,4584
1558,3/1/2016 0:00,2603
1559,3/1/2016 0:00,77
1564,3/1/2016 0:00,0
1588,3/1/2016 0:00,1
1600,3/1/2016 0:00,0
1604,3/1/2016 0:00,76.78666667
1608,3/1/2016 0:00,480
1613,3/1/2016 0:00,73.75333333
1617,3/1/2016 0:00,3600
1618,3/1/2016 0:00,10
1627,3/1/2016 0:00,0
1632,3/1/2016 0:00,3
1645,3/1/2016 0:00,2426
1546,3/1/2016 1:00,3439
1558,3/1/2016 1:00,3292
1559,3/1/2016 1:00,77
1564,3/1/2016 1:00,0
1579,3/1/2016 1:00,1
1600,3/1/2016 1:00,0
1604,3/1/2016 1:00,76.34666667
1608,3/1/2016 1:00,1511
1613,3/1/2016 1:00,73.07333333
1617,3/1/2016 1:00,3600
1618,3/1/2016 1:00,2
1627,3/1/2016 1:00,3335
1645,3/1/2016 1:00,2976
1546,3/1/2016 2:00,2745
1558,3/1/2016 2:00,2805
1559,3/1/2016 2:00,76
1564,3/1/2016 2:00,0
1600,3/1/2016 2:00,0
1604,3/1/2016 2:00,75.08666667
1608,3/1/2016 2:00,1404
1613,3/1/2016 2:00,72.32666667
1617,3/1/2016 2:00,0
1627,3/1/2016 2:00,797
1645,3/1/2016 2:00,1768
1546,3/1/2016 3:00,0
1558,3/1/2016 3:00,873
1559,3/1/2016 3:00,76
1564,3/1/2016 3:00,0
1600,3/1/2016 3:00,0
1604,3/1/2016 3:00,73.67333333
1608,3/1/2016 3:00,698
1613,3/1/2016 3:00,71.61333333
1617,3/1/2016 3:00,0
1627,3/1/2016 3:00,509
1645,3/1/2016 3:00,697
1546,3/1/2016 4:00,0
1558,3/1/2016 4:00,0
1559,3/1/2016 4:00,75
1564,3/1/2016 4:00,0
1600,3/1/2016 4:00,0
1604,3/1/2016 4:00,72.56
1608,3/1/2016 4:00,0
1613,3/1/2016 4:00,70.89333333
1617,3/1/2016 4:00,0
1627,3/1/2016 4:00,0
1645,3/1/2016 4:00,0
1546,3/1/2016 5:00,0
1558,3/1/2016 5:00,0
1564,3/1/2016 5:00,0
1600,3/1/2016 5:00,0
1604,3/1/2016 5:00,71.52
1608,3/1/2016 5:00,0
1613,3/1/2016 5:00,70.16666667
1617,3/1/2016 5:00,0
1627,3/1/2016 5:00,0
1645,3/1/2016 5:00,0
1546,3/1/2016 6:00,0
1558,3/1/2016 6:00,0
1564,3/1/2016 6:00,0
1600,3/1/2016 6:00,0
1604,3/1/2016 6:00,70.62666667
1608,3/1/2016 6:00,0
1613,3/1/2016 6:00,69.38666667
1617,3/1/2016 6:00,0
1627,3/1/2016 6:00,0
1645,3/1/2016 6:00,0
1546,3/1/2016 7:00,0
1558,3/1/2016 7:00,0
1564,3/1/2016 7:00,0
1600,3/1/2016 7:00,0
1604,3/1/2016 7:00,69.73333333
1608,3/1/2016 7:00,0
1613,3/1/2016 7:00,68.56
1617,3/1/2016 7:00,0
1627,3/1/2016 7:00,0
1645,3/1/2016 7:00,0
1546,3/1/2016 8:00,0
1558,3/1/2016 8:00,0
1564,3/1/2016 8:00,0
1600,3/1/2016 8:00,0
1604,3/1/2016 8:00,68.86666667
1608,3/1/2016 8:00,0
1613,3/1/2016 8:00,67.77333333
1617,3/1/2016 8:00,0
1627,3/1/2016 8:00,0
1645,3/1/2016 8:00,0
1546,3/1/2016 9:00,0
1558,3/1/2016 9:00,0
1564,3/1/2016 9:00,0
1600,3/1/2016 9:00,0
1604,3/1/2016 9:00,68.08
1608,3/1/2016 9:00,0
1613,3/1/2016 9:00,66.98666667
1617,3/1/2016 9:00,0
1627,3/1/2016 9:00,0
1645,3/1/2016 9:00,0
1546,3/1/2016 10:00,0
1558,3/1/2016 10:00,0
1559,3/1/2016 10:00,71
1564,3/1/2016 10:00,0
1600,3/1/2016 10:00,0
1604,3/1/2016 10:00,67.29333333
1608,3/1/2016 10:00,0
1613,3/1/2016 10:00,66.23333333
1617,3/1/2016 10:00,0
1627,3/1/2016 10:00,0
1645,3/1/2016 10:00,0
1546,3/1/2016 11:00,0
1558,3/1/2016 11:00,0
1564,3/1/2016 11:00,0
1600,3/1/2016 11:00,0
1604,3/1/2016 11:00,66.56
1608,3/1/2016 11:00,0
1613,3/1/2016 11:00,65.50666667
1617,3/1/2016 11:00,0
1627,3/1/2016 11:00,0
1645,3/1/2016 11:00,0
1546,3/1/2016 12:00,96
1558,3/1/2016 12:00,227
1559,3/1/2016 12:00,70
1564,3/1/2016 12:00,0
1579,3/1/2016 12:00,1
1600,3/1/2016 12:00,0
1604,3/1/2016 12:00,66.1
1608,3/1/2016 12:00,3107
1613,3/1/2016 12:00,64.96
1617,3/1/2016 12:00,0
1627,3/1/2016 12:00,3283
1645,3/1/2016 12:00,0
1546,3/1/2016 13:00,0
1558,3/1/2016 13:00,918
1559,3/1/2016 13:00,69
1564,3/1/2016 13:00,0
1573,3/1/2016 13:00,3
1600,3/1/2016 13:00,0
1604,3/1/2016 13:00,66.17333333
1608,3/1/2016 13:00,257
1613,3/1/2016 13:00,64.7
1617,3/1/2016 13:00,0
1627,3/1/2016 13:00,0
1632,3/1/2016 13:00,5
1645,3/1/2016 13:00,1631
1546,3/1/2016 14:00,0
1558,3/1/2016 14:00,2682
1559,3/1/2016 14:00,70.33333333
1564,3/1/2016 14:00,0
1573,3/1/2016 14:00,1
1588,3/1/2016 14:00,1
1600,3/1/2016 14:00,0
1604,3/1/2016 14:00,66.92
1608,3/1/2016 14:00,500
1613,3/1/2016 14:00,65.08
1617,3/1/2016 14:00,0
1618,3/1/2016 14:00,1
1627,3/1/2016 14:00,1654
1645,3/1/2016 14:00,2366
1546,3/1/2016 15:00,0
1558,3/1/2016 15:00,1251
1559,3/1/2016 15:00,71
1564,3/1/2016 15:00,0
1588,3/1/2016 15:00,1
1600,3/1/2016 15:00,0
1604,3/1/2016 15:00,68.41333333
1608,3/1/2016 15:00,2966
1613,3/1/2016 15:00,66.25333333
1617,3/1/2016 15:00,0
1618,3/1/2016 15:00,1
1627,3/1/2016 15:00,0
1632,3/1/2016 15:00,1
1645,3/1/2016 15:00,2439
1546,3/1/2016 16:00,3600
1558,3/1/2016 16:00,0
1559,3/1/2016 16:00,72
1564,3/1/2016 16:00,0
1600,3/1/2016 16:00,0
1604,3/1/2016 16:00,70.32142857
1608,3/1/2016 16:00,1905
1613,3/1/2016 16:00,67.74
1617,3/1/2016 16:00,3600
1618,3/1/2016 16:00,2
1627,3/1/2016 16:00,1119
1632,3/1/2016 16:00,2
1645,3/1/2016 16:00,2504
1546,3/1/2016 17:00,3600
1558,3/1/2016 17:00,1866
1559,3/1/2016 17:00,73
1564,3/1/2016 17:00,0
1600,3/1/2016 17:00,0
1604,3/1/2016 17:00,72.39333333
1608,3/1/2016 17:00,1567
1613,3/1/2016 17:00,69.34
1617,3/1/2016 17:00,0
1618,3/1/2016 17:00,1
1627,3/1/2016 17:00,608
1645,3/1/2016 17:00,2969
1546,3/1/2016 18:00,0
1558,3/1/2016 18:00,3334
1559,3/1/2016 18:00,75
1564,3/1/2016 18:00,0
1600,3/1/2016 18:00,0
1604,3/1/2016 18:00,74.17333333
1608,3/1/2016 18:00,3076
1613,3/1/2016 18:00,70.87333333
1617,3/1/2016 18:00,0
1618,3/1/2016 18:00,1
1627,3/1/2016 18:00,2267
1645,3/1/2016 18:00,1119
1546,3/1/2016 19:00,3342
1558,3/1/2016 19:00,3266
1559,3/1/2016 19:00,76
1564,3/1/2016 19:00,0
1600,3/1/2016 19:00,0
1604,3/1/2016 19:00,75.73333333
1608,3/1/2016 19:00,3036
1613,3/1/2016 19:00,72.22666667
1617,3/1/2016 19:00,0
1627,3/1/2016 19:00,833
1632,3/1/2016 19:00,2
1645,3/1/2016 19:00,3034
1546,3/1/2016 20:00,258
1558,3/1/2016 20:00,0
1564,3/1/2016 20:00,0
1600,3/1/2016 20:00,0
1604,3/1/2016 20:00,77.09333333
1608,3/1/2016 20:00,488
1613,3/1/2016 20:00,73.46
1617,3/1/2016 20:00,3600
1627,3/1/2016 20:00,1652
1632,3/1/2016 20:00,3
1645,3/1/2016 20:00,955
1546,3/1/2016 21:00,0
1558,3/1/2016 21:00,0
1564,3/1/2016 21:00,0
1600,3/1/2016 21:00,0
1604,3/1/2016 21:00,77.92666667
1608,3/1/2016 21:00,1367
1613,3/1/2016 21:00,74.46
1617,3/1/2016 21:00,0
1627,3/1/2016 21:00,966
1645,3/1/2016 21:00,1647
1546,3/1/2016 22:00,0
1558,3/1/2016 22:00,0
1559,3/1/2016 22:00,78
1564,3/1/2016 22:00,0
1579,3/1/2016 22:00,1
1588,3/1/2016 22:00,2
1600,3/1/2016 22:00,0
1604,3/1/2016 22:00,77.82
1608,3/1/2016 22:00,2850
1613,3/1/2016 22:00,74.89333333
1617,3/1/2016 22:00,0
1618,3/1/2016 22:00,1
1627,3/1/2016 22:00,746
1632,3/1/2016 22:00,3
1645,3/1/2016 22:00,2847
1546,3/1/2016 23:00,3600
1558,3/1/2016 23:00,0
1564,3/1/2016 23:00,345
1600,3/1/2016 23:00,0
1604,3/1/2016 23:00,77.60666667
1608,3/1/2016 23:00,248
1613,3/1/2016 23:00,74.87333333
1617,3/1/2016 23:00,0
1627,3/1/2016 23:00,0
1632,3/1/2016 23:00,1
1645,3/1/2016 23:00,2306
1546,3/2/2016 0:00,0
1558,3/2/2016 0:00,3348
1559,3/2/2016 0:00,78
1564,3/2/2016 0:00,0
1600,3/2/2016 0:00,0
1604,3/2/2016 0:00,77.35333333
1608,3/2/2016 0:00,675
1613,3/2/2016 0:00,74.47333333
1617,3/2/2016 0:00,0
1627,3/2/2016 0:00,0
1632,3/2/2016 0:00,1
1645,3/2/2016 0:00,3307
1546,3/2/2016 1:00,0
1558,3/2/2016 1:00,0
1564,3/2/2016 1:00,0
1600,3/2/2016 1:00,0
1604,3/2/2016 1:00,76.50666667
1608,3/2/2016 1:00,297
1613,3/2/2016 1:00,73.78
1617,3/2/2016 1:00,3600
1627,3/2/2016 1:00,2623
1632,3/2/2016 1:00,1
1645,3/2/2016 1:00,2488
1546,3/2/2016 2:00,2783
1558,3/2/2016 2:00,2863
1559,3/2/2016 2:00,77
1564,3/2/2016 2:00,0
1579,3/2/2016 2:00,1
1600,3/2/2016 2:00,0
1604,3/2/2016 2:00,75.24285714
1608,3/2/2016 2:00,401
1613,3/2/2016 2:00,73.01428571
1617,3/2/2016 2:00,0
1618,3/2/2016 2:00,1
1627,3/2/2016 2:00,351
1645,3/2/2016 2:00,759
1546,3/2/2016 3:00,34
1558,3/2/2016 3:00,745
1559,3/2/2016 3:00,76
1564,3/2/2016 3:00,0
1600,3/2/2016 3:00,0
1604,3/2/2016 3:00,73.58154839
1608,3/2/2016 3:00,0
1613,3/2/2016 3:00,71.79864516
1617,3/2/2016 3:00,0
1627,3/2/2016 3:00,189
1645,3/2/2016 3:00,672
1546,3/2/2016 4:00,0
1558,3/2/2016 4:00,0
1559,3/2/2016 4:00,76
1564,3/2/2016 4:00,0
1600,3/2/2016 4:00,0
1604,3/2/2016 4:00,72.95333333
1608,3/2/2016 4:00,0
1613,3/2/2016 4:00,71.45333333
1617,3/2/2016 4:00,0
1627,3/2/2016 4:00,0
1645,3/2/2016 4:00,0
1546,3/2/2016 5:00,0
1558,3/2/2016 5:00,0
1564,3/2/2016 5:00,0
1600,3/2/2016 5:00,0
1604,3/2/2016 5:00,71.85333333
1608,3/2/2016 5:00,0
1613,3/2/2016 5:00,70.58
1617,3/2/2016 5:00,0
1627,3/2/2016 5:00,0
1645,3/2/2016 5:00,0
1546,3/2/2016 6:00,95
1558,3/2/2016 6:00,3118
1559,3/2/2016 6:00,73
1564,3/2/2016 6:00,0
1600,3/2/2016 6:00,0
1604,3/2/2016 6:00,70.88
1608,3/2/2016 6:00,0
1613,3/2/2016 6:00,69.7
1617,3/2/2016 6:00,0
1627,3/2/2016 6:00,0
1645,3/2/2016 6:00,3127
1546,3/2/2016 7:00,0
1558,3/2/2016 7:00,0
1564,3/2/2016 7:00,0
1600,3/2/2016 7:00,0
1604,3/2/2016 7:00,70.11333333
1608,3/2/2016 7:00,0
1613,3/2/2016 7:00,68.94
1617,3/2/2016 7:00,0
1627,3/2/2016 7:00,0
1645,3/2/2016 7:00,0
1546,3/2/2016 8:00,0
1558,3/2/2016 8:00,0
1564,3/2/2016 8:00,0
1600,3/2/2016 8:00,0
1604,3/2/2016 8:00,69.26666667
1608,3/2/2016 8:00,0
1613,3/2/2016 8:00,68.19333333
1617,3/2/2016 8:00,0
1627,3/2/2016 8:00,0
1645,3/2/2016 8:00,0
1546,3/2/2016 9:00,0
1558,3/2/2016 9:00,0
1564,3/2/2016 9:00,0
1600,3/2/2016 9:00,0
1604,3/2/2016 9:00,68.64
1608,3/2/2016 9:00,0
1613,3/2/2016 9:00,67.51333333
1617,3/2/2016 9:00,0
1627,3/2/2016 9:00,0
1645,3/2/2016 9:00,0
1546,3/2/2016 10:00,0
1558,3/2/2016 10:00,0
1559,3/2/2016 10:00,72
1564,3/2/2016 10:00,0
1600,3/2/2016 10:00,0
1604,3/2/2016 10:00,68.22
1608,3/2/2016 10:00,0
1613,3/2/2016 10:00,67.03333333
1617,3/2/2016 10:00,0
1627,3/2/2016 10:00,0
1645,3/2/2016 10:00,0
1546,3/2/2016 11:00,0
1558,3/2/2016 11:00,0
1564,3/2/2016 11:00,0
1600,3/2/2016 11:00,0
1604,3/2/2016 11:00,68
1608,3/2/2016 11:00,0
1613,3/2/2016 11:00,66.72666667
1617,3/2/2016 11:00,0
1627,3/2/2016 11:00,0
1645,3/2/2016 11:00,0
1546,3/2/2016 12:00,0
1558,3/2/2016 12:00,0
1564,3/2/2016 12:00,0
1600,3/2/2016 12:00,0
1604,3/2/2016 12:00,67.94
1608,3/2/2016 12:00,0
1613,3/2/2016 12:00,66.59333333
1617,3/2/2016 12:00,0
1627,3/2/2016 12:00,0
1645,3/2/2016 12:00,0
1546,3/2/2016 13:00,97
1558,3/2/2016 13:00,2960
1559,3/2/2016 13:00,71
1564,3/2/2016 13:00,0
1573,3/2/2016 13:00,3
1579,3/2/2016 13:00,1
1588,3/2/2016 13:00,1
1600,3/2/2016 13:00,0
1604,3/2/2016 13:00,68.13333333
1608,3/2/2016 13:00,744
1613,3/2/2016 13:00,66.59333333
1617,3/2/2016 13:00,0
1618,3/2/2016 13:00,2
1627,3/2/2016 13:00,0
1632,3/2/2016 13:00,1
1645,3/2/2016 13:00,2800
1546,3/2/2016 14:00,3115
1558,3/2/2016 14:00,3150
1559,3/2/2016 14:00,71
1564,3/2/2016 14:00,0
1600,3/2/2016 14:00,0
1604,3/2/2016 14:00,68.64
1608,3/2/2016 14:00,240
1613,3/2/2016 14:00,66.88666667
1617,3/2/2016 14:00,3600
1627,3/2/2016 14:00,2893
1632,3/2/2016 14:00,3
1645,3/2/2016 14:00,2463
1546,3/2/2016 15:00,281
1558,3/2/2016 15:00,2147
1559,3/2/2016 15:00,72
1564,3/2/2016 15:00,0
1600,3/2/2016 15:00,0
1604,3/2/2016 15:00,69.92
1608,3/2/2016 15:00,490
1613,3/2/2016 15:00,68.43333333
1617,3/2/2016 15:00,246
1618,3/2/2016 15:00,1
1627,3/2/2016 15:00,2836
1632,3/2/2016 15:00,1
1645,3/2/2016 15:00,1314
1546,3/2/2016 16:00,3144
1558,3/2/2016 16:00,0
1559,3/2/2016 16:00,72
1564,3/2/2016 16:00,0
1600,3/2/2016 16:00,0
1604,3/2/2016 16:00,71.35333333
1608,3/2/2016 16:00,3055
1613,3/2/2016 16:00,68.63333333
1617,3/2/2016 16:00,0
1627,3/2/2016 16:00,0
1645,3/2/2016 16:00,3758
1546,3/2/2016 17:00,1588
1558,3/2/2016 17:00,2160
1559,3/2/2016 17:00,73
1564,3/2/2016 17:00,0
1600,3/2/2016 17:00,0
1604,3/2/2016 17:00,73.02
1608,3/2/2016 17:00,975
1613,3/2/2016 17:00,69.70666667
1617,3/2/2016 17:00,0
1618,3/2/2016 17:00,1
1627,3/2/2016 17:00,483
1645,3/2/2016 17:00,2673
1546,3/2/2016 18:00,0
1558,3/2/2016 18:00,0
1564,3/2/2016 18:00,0
1600,3/2/2016 18:00,0
1604,3/2/2016 18:00,74.72857143
1608,3/2/2016 18:00,0
1613,3/2/2016 18:00,71.05333333
1617,3/2/2016 18:00,0
1627,3/2/2016 18:00,0
1645,3/2/2016 18:00,0
1546,3/2/2016 19:00,0
1558,3/2/2016 19:00,0
1564,3/2/2016 19:00,0
1600,3/2/2016 19:00,0
1604,3/2/2016 19:00,75.88666667
1608,3/2/2016 19:00,0
1613,3/2/2016 19:00,72.24666667
1617,3/2/2016 19:00,0
1627,3/2/2016 19:00,0
1645,3/2/2016 19:00,0
1546,3/2/2016 20:00,0
1558,3/2/2016 20:00,0
1564,3/2/2016 20:00,0
1600,3/2/2016 20:00,0
1604,3/2/2016 20:00,76.83333333
1608,3/2/2016 20:00,0
1613,3/2/2016 20:00,73.20666667
1617,3/2/2016 20:00,0
1627,3/2/2016 20:00,0
1645,3/2/2016 20:00,0
1546,3/2/2016 21:00,177
1558,3/2/2016 21:00,3196
1559,3/2/2016 21:00,77
1564,3/2/2016 21:00,0
1579,3/2/2016 21:00,1
1600,3/2/2016 21:00,0
1604,3/2/2016 21:00,77.3
1608,3/2/2016 21:00,3143
1613,3/2/2016 21:00,73.94666667
1617,3/2/2016 21:00,0
1618,3/2/2016 21:00,1
1627,3/2/2016 21:00,0
1645,3/2/2016 21:00,206
1546,3/2/2016 22:00,230
1558,3/2/2016 22:00,2343
1559,3/2/2016 22:00,77.85714286
1564,3/2/2016 22:00,0
1600,3/2/2016 22:00,0
1604,3/2/2016 22:00,77.47333333
1608,3/2/2016 22:00,1518
1613,3/2/2016 22:00,74.51333333
1617,3/2/2016 22:00,3600
1618,3/2/2016 22:00,2
1627,3/2/2016 22:00,603
1645,3/2/2016 22:00,2576
1546,3/2/2016 23:00,3600
1558,3/2/2016 23:00,0
1564,3/2/2016 23:00,414
1600,3/2/2016 23:00,1265
1604,3/2/2016 23:00,77.26666667
1608,3/2/2016 23:00,965
1613,3/2/2016 23:00,74.76666667
1617,3/2/2016 23:00,0
1627,3/2/2016 23:00,201
1632,3/2/2016 23:00,1
1645,3/2/2016 23:00,2279
1546,3/3/2016 0:00,3600
1558,3/3/2016 0:00,2948
1559,3/3/2016 0:00,78
1564,3/3/2016 0:00,0
1588,3/3/2016 0:00,1
1600,3/3/2016 0:00,0
1604,3/3/2016 0:00,77.26
1608,3/3/2016 0:00,446
1613,3/3/2016 0:00,74.53448276
1617,3/3/2016 0:00,3600
1618,3/3/2016 0:00,1
1627,3/3/2016 0:00,0
1645,3/3/2016 0:00,3102
1546,3/3/2016 1:00,6489
1558,3/3/2016 1:00,2665
1559,3/3/2016 1:00,77
1564,3/3/2016 1:00,0
1579,3/3/2016 1:00,1
1600,3/3/2016 1:00,0
1604,3/3/2016 1:00,76.52258065
1608,3/3/2016 1:00,264
1613,3/3/2016 1:00,74.06666667
1617,3/3/2016 1:00,3600
1618,3/3/2016 1:00,1
1627,3/3/2016 1:00,1430
1645,3/3/2016 1:00,284
1546,3/3/2016 2:00,0
1558,3/3/2016 2:00,837
1559,3/3/2016 2:00,77
1564,3/3/2016 2:00,0
1600,3/3/2016 2:00,0
1604,3/3/2016 2:00,75.44
1608,3/3/2016 2:00,0
1613,3/3/2016 2:00,73.49333333
1617,3/3/2016 2:00,0
1627,3/3/2016 2:00,460
1645,3/3/2016 2:00,0
1546,3/3/2016 3:00,0
1558,3/3/2016 3:00,0
1564,3/3/2016 3:00,0
1600,3/3/2016 3:00,0
1604,3/3/2016 3:00,74.51333333
1608,3/3/2016 3:00,0
1613,3/3/2016 3:00,72.68
1617,3/3/2016 3:00,0
1627,3/3/2016 3:00,0
1645,3/3/2016 3:00,0
1546,3/3/2016 4:00,93
1558,3/3/2016 4:00,0
1559,3/3/2016 4:00,76
1564,3/3/2016 4:00,0
1600,3/3/2016 4:00,0
1604,3/3/2016 4:00,73.62
1608,3/3/2016 4:00,0
1613,3/3/2016 4:00,71.91333333
1617,3/3/2016 4:00,0
1627,3/3/2016 4:00,0
1645,3/3/2016 4:00,0
1546,3/3/2016 5:00,0
1558,3/3/2016 5:00,0
1564,3/3/2016 5:00,0
1600,3/3/2016 5:00,0
1604,3/3/2016 5:00,72.82
1608,3/3/2016 5:00,0
1613,3/3/2016 5:00,71.36
1617,3/3/2016 5:00,0
1627,3/3/2016 5:00,0
1645,3/3/2016 5:00,0
1546,3/3/2016 6:00,0
1558,3/3/2016 6:00,0
1564,3/3/2016 6:00,0
1600,3/3/2016 6:00,0
1604,3/3/2016 6:00,71.93333333
1608,3/3/2016 6:00,0
1613,3/3/2016 6:00,70.68
1617,3/3/2016 6:00,0
1627,3/3/2016 6:00,0
1645,3/3/2016 6:00,0
1546,3/3/2016 7:00,128
1558,3/3/2016 7:00,0
1564,3/3/2016 7:00,0
1600,3/3/2016 7:00,0
1604,3/3/2016 7:00,71.19333333
1608,3/3/2016 7:00,0
1613,3/3/2016 7:00,70.02666667
1617,3/3/2016 7:00,0
1627,3/3/2016 7:00,0
1645,3/3/2016 7:00,0
1546,3/3/2016 8:00,0
1558,3/3/2016 8:00,0
1564,3/3/2016 8:00,0
1600,3/3/2016 8:00,0
1604,3/3/2016 8:00,70.5
1608,3/3/2016 8:00,0
1613,3/3/2016 8:00,69.30666667
1617,3/3/2016 8:00,0
1627,3/3/2016 8:00,0
1645,3/3/2016 8:00,0
1546,3/3/2016 9:00,0
1558,3/3/2016 9:00,0
1564,3/3/2016 9:00,0
1600,3/3/2016 9:00,0
1604,3/3/2016 9:00,69.82
1608,3/3/2016 9:00,0
1613,3/3/2016 9:00,68.69333333
1617,3/3/2016 9:00,0
1627,3/3/2016 9:00,0
1645,3/3/2016 9:00,0
1546,3/3/2016 10:00,0
1558,3/3/2016 10:00,67
1559,3/3/2016 10:00,72.33333333
1564,3/3/2016 10:00,0
1600,3/3/2016 10:00,0
1604,3/3/2016 10:00,69.33333333
1608,3/3/2016 10:00,0
1613,3/3/2016 10:00,68.15333333
1617,3/3/2016 10:00,0
1627,3/3/2016 10:00,0
1645,3/3/2016 10:00,0
1546,3/3/2016 11:00,730
1558,3/3/2016 11:00,1915
1559,3/3/2016 11:00,72
1564,3/3/2016 11:00,0
1579,3/3/2016 11:00,1
1600,3/3/2016 11:00,0
1604,3/3/2016 11:00,68.95333333
1608,3/3/2016 11:00,1712
1613,3/3/2016 11:00,68.89333333
1617,3/3/2016 11:00,624
1618,3/3/2016 11:00,2
1627,3/3/2016 11:00,3243
1632,3/3/2016 11:00,2
1645,3/3/2016 11:00,2655
1546,3/3/2016 12:00,0
1558,3/3/2016 12:00,0
1564,3/3/2016 12:00,0
1600,3/3/2016 12:00,0
1604,3/3/2016 12:00,68.63333333
1608,3/3/2016 12:00,0
1613,3/3/2016 12:00,67.72666667
1617,3/3/2016 12:00,2228
1618,3/3/2016 12:00,2
1627,3/3/2016 12:00,0
1645,3/3/2016 12:00,172
1546,3/3/2016 13:00,0
1558,3/3/2016 13:00,0
1564,3/3/2016 13:00,0
1600,3/3/2016 13:00,0
1604,3/3/2016 13:00,68.49333333
1608,3/3/2016 13:00,0
1613,3/3/2016 13:00,66.92666667
1617,3/3/2016 13:00,0
1627,3/3/2016 13:00,0
1645,3/3/2016 13:00,0
1546,3/3/2016 14:00,2459
1558,3/3/2016 14:00,2711
1559,3/3/2016 14:00,72
1564,3/3/2016 14:00,0
1600,3/3/2016 14:00,0
1604,3/3/2016 14:00,69.04666667
1608,3/3/2016 14:00,110
1613,3/3/2016 14:00,67.16666667
1617,3/3/2016 14:00,0
1618,3/3/2016 14:00,2
1627,3/3/2016 14:00,0
1645,3/3/2016 14:00,2848
1546,3/3/2016 15:00,0
1558,3/3/2016 15:00,0
1564,3/3/2016 15:00,0
1588,3/3/2016 15:00,1
1600,3/3/2016 15:00,0
1604,3/3/2016 15:00,70.73333333
1608,3/3/2016 15:00,542
1613,3/3/2016 15:00,68.38
1617,3/3/2016 15:00,0
1618,3/3/2016 15:00,1
1627,3/3/2016 15:00,0
1645,3/3/2016 15:00,1845
1546,3/3/2016 16:00,0
1558,3/3/2016 16:00,0
1559,3/3/2016 16:00,74
1564,3/3/2016 16:00,0
1600,3/3/2016 16:00,0
1604,3/3/2016 16:00,72.34666667
1608,3/3/2016 16:00,0
1613,3/3/2016 16:00,69.71333333
1617,3/3/2016 16:00,0
1627,3/3/2016 16:00,0
1645,3/3/2016 16:00,0
1546,3/3/2016 17:00,98
1558,3/3/2016 17:00,3245
1559,3/3/2016 17:00,76
1564,3/3/2016 17:00,0
1600,3/3/2016 17:00,0
1604,3/3/2016 17:00,74.14
1608,3/3/2016 17:00,0
1613,3/3/2016 17:00,71.02666667
1617,3/3/2016 17:00,0
1618,3/3/2016 17:00,1
1627,3/3/2016 17:00,0
1645,3/3/2016 17:00,0
1546,3/3/2016 18:00,0
1558,3/3/2016 18:00,0
1564,3/3/2016 18:00,0
1600,3/3/2016 18:00,0
1604,3/3/2016 18:00,75.92666667
1608,3/3/2016 18:00,1310
1613,3/3/2016 18:00,72.46666667
1617,3/3/2016 18:00,3600
1627,3/3/2016 18:00,2021
1632,3/3/2016 18:00,3
1645,3/3/2016 18:00,3168
1546,3/3/2016 19:00,0
1558,3/3/2016 19:00,0
1564,3/3/2016 19:00,0
1600,3/3/2016 19:00,0
1604,3/3/2016 19:00,77.58
1608,3/3/2016 19:00,0
1613,3/3/2016 19:00,73.90666667
1617,3/3/2016 19:00,0
1627,3/3/2016 19:00,1984
1645,3/3/2016 19:00,432
1546,3/3/2016 20:00,3600
1558,3/3/2016 20:00,0
1564,3/3/2016 20:00,0
1600,3/3/2016 20:00,0
1604,3/3/2016 20:00,78.66666667
1608,3/3/2016 20:00,2027
1613,3/3/2016 20:00,75.2
1617,3/3/2016 20:00,0
1618,3/3/2016 20:00,1
1627,3/3/2016 20:00,191
1632,3/3/2016 20:00,2
1645,3/3/2016 20:00,6000
1546,3/3/2016 21:00,3600
1558,3/3/2016 21:00,0
1564,3/3/2016 21:00,0
1600,3/3/2016 21:00,0
1604,3/3/2016 21:00,79.15333333
1608,3/3/2016 21:00,0
1613,3/3/2016 21:00,75.96896552
1617,3/3/2016 21:00,0
1627,3/3/2016 21:00,1082
1645,3/3/2016 21:00,1200
1546,3/3/2016 22:00,6937
1558,3/3/2016 22:00,3306
1559,3/3/2016 22:00,80
1564,3/3/2016 22:00,0
1579,3/3/2016 22:00,1
1600,3/3/2016 22:00,0
1604,3/3/2016 22:00,79.04
1608,3/3/2016 22:00,2691
1613,3/3/2016 22:00,76.36666667
1617,3/3/2016 22:00,0
1627,3/3/2016 22:00,1012
1645,3/3/2016 22:00,6684
1546,3/3/2016 23:00,102
1558,3/3/2016 23:00,0
1564,3/3/2016 23:00,3158
1600,3/3/2016 23:00,0
1604,3/3/2016 23:00,78.76
1608,3/3/2016 23:00,1051
1613,3/3/2016 23:00,76.38
1617,3/3/2016 23:00,0
1627,3/3/2016 23:00,189
1645,3/3/2016 23:00,516
1546,3/4/2016 0:00,0
1558,3/4/2016 0:00,0
1564,3/4/2016 0:00,0
1600,3/4/2016 0:00,0
1604,3/4/2016 0:00,78.69333333
1608,3/4/2016 0:00,277
1613,3/4/2016 0:00,76.06666667
1617,3/4/2016 0:00,0
1627,3/4/2016 0:00,0
1632,3/4/2016 0:00,1
1645,3/4/2016 0:00,2351
1546,3/4/2016 1:00,0
1558,3/4/2016 1:00,2550
1559,3/4/2016 1:00,79
1564,3/4/2016 1:00,0
1579,3/4/2016 1:00,1
1600,3/4/2016 1:00,0
1604,3/4/2016 1:00,78.11333333
1608,3/4/2016 1:00,353
1613,3/4/2016 1:00,75.52
1617,3/4/2016 1:00,0
1627,3/4/2016 1:00,0
1645,3/4/2016 1:00,3104
1546,3/4/2016 2:00,3363
1558,3/4/2016 2:00,3517
1559,3/4/2016 2:00,78
1564,3/4/2016 2:00,0
1600,3/4/2016 2:00,0
1604,3/4/2016 2:00,77.41333333
1608,3/4/2016 2:00,487
1613,3/4/2016 2:00,74.88
1617,3/4/2016 2:00,0
1627,3/4/2016 2:00,3536
1645,3/4/2016 2:00,3523
1546,3/4/2016 3:00,612
1558,3/4/2016 3:00,389
1559,3/4/2016 3:00,78
1564,3/4/2016 3:00,0
1600,3/4/2016 3:00,0
1604,3/4/2016 3:00,75.53333333
1608,3/4/2016 3:00,823
1613,3/4/2016 3:00,73.63333333
1617,3/4/2016 3:00,3600
1627,3/4/2016 3:00,0
1645,3/4/2016 3:00,310
1546,3/4/2016 4:00,0
1558,3/4/2016 4:00,0
1559,3/4/2016 4:00,77
1564,3/4/2016 4:00,0
1600,3/4/2016 4:00,0
1604,3/4/2016 4:00,74.59333333
1608,3/4/2016 4:00,0
1613,3/4/2016 4:00,72.83333333
1617,3/4/2016 4:00,0
1627,3/4/2016 4:00,0
1645,3/4/2016 4:00,0
1546,3/4/2016 5:00,0
1558,3/4/2016 5:00,0
1564,3/4/2016 5:00,0
1600,3/4/2016 5:00,0
1604,3/4/2016 5:00,73.8
1608,3/4/2016 5:00,0
1613,3/4/2016 5:00,72.41333333
1617,3/4/2016 5:00,0
1627,3/4/2016 5:00,0
1645,3/4/2016 5:00,0
1546,3/4/2016 6:00,0
1558,3/4/2016 6:00,0
1564,3/4/2016 6:00,0
1600,3/4/2016 6:00,0
1604,3/4/2016 6:00,73.38
1608,3/4/2016 6:00,0
1613,3/4/2016 6:00,71.99333333
1617,3/4/2016 6:00,0
1627,3/4/2016 6:00,0
1645,3/4/2016 6:00,0
1546,3/4/2016 7:00,0
1558,3/4/2016 7:00,0
1564,3/4/2016 7:00,0
1600,3/4/2016 7:00,0
1604,3/4/2016 7:00,72.84666667
1608,3/4/2016 7:00,0
1613,3/4/2016 7:00,71.54
1617,3/4/2016 7:00,0
1627,3/4/2016 7:00,0
1645,3/4/2016 7:00,0
1546,3/4/2016 8:00,92
1558,3/4/2016 8:00,0
1564,3/4/2016 8:00,0
1600,3/4/2016 8:00,0
1604,3/4/2016 8:00,72.26666667
1608,3/4/2016 8:00,0
1613,3/4/2016 8:00,71.05333333
1617,3/4/2016 8:00,0
1627,3/4/2016 8:00,0
1645,3/4/2016 8:00,0
1546,3/4/2016 9:00,0
1558,3/4/2016 9:00,0
1564,3/4/2016 9:00,0
1600,3/4/2016 9:00,0
1604,3/4/2016 9:00,71.76666667
1608,3/4/2016 9:00,0
1613,3/4/2016 9:00,70.54666667
1617,3/4/2016 9:00,0
1627,3/4/2016 9:00,0
1645,3/4/2016 9:00,0
1546,3/4/2016 10:00,0
1558,3/4/2016 10:00,0
1559,3/4/2016 10:00,74
1564,3/4/2016 10:00,0
1600,3/4/2016 10:00,0
1604,3/4/2016 10:00,71.34
1608,3/4/2016 10:00,0
1613,3/4/2016 10:00,70.06666667
1617,3/4/2016 10:00,0
1627,3/4/2016 10:00,0
1645,3/4/2016 10:00,0
1546,3/4/2016 11:00,0
1558,3/4/2016 11:00,0
1564,3/4/2016 11:00,0
1600,3/4/2016 11:00,0
1604,3/4/2016 11:00,70.83333333
1608,3/4/2016 11:00,0
1613,3/4/2016 11:00,69.58666667
1617,3/4/2016 11:00,0
1627,3/4/2016 11:00,0
1645,3/4/2016 11:00,0
1546,3/4/2016 12:00,95
1558,3/4/2016 12:00,953
1559,3/4/2016 12:00,73
1564,3/4/2016 12:00,0
1573,3/4/2016 12:00,1
1579,3/4/2016 12:00,1
1600,3/4/2016 12:00,0
1604,3/4/2016 12:00,70.3
1608,3/4/2016 12:00,2271
1613,3/4/2016 12:00,69.10666667
1617,3/4/2016 12:00,0
1627,3/4/2016 12:00,0
1632,3/4/2016 12:00,1
1645,3/4/2016 12:00,2913
1546,3/4/2016 13:00,1605
1558,3/4/2016 13:00,0
1564,3/4/2016 13:00,0
1600,3/4/2016 13:00,0
1604,3/4/2016 13:00,70.29333333
1608,3/4/2016 13:00,0
1613,3/4/2016 13:00,68.78666667
1617,3/4/2016 13:00,3600
1618,3/4/2016 13:00,1
1627,3/4/2016 13:00,2199
1632,3/4/2016 13:00,3
1645,3/4/2016 13:00,1950
1546,3/4/2016 14:00,0
1558,3/4/2016 14:00,0
1564,3/4/2016 14:00,0
1579,3/4/2016 14:00,2
1600,3/4/2016 14:00,0
1604,3/4/2016 14:00,70.86
1608,3/4/2016 14:00,0
1613,3/4/2016 14:00,69.05333333
1617,3/4/2016 14:00,0
1627,3/4/2016 14:00,1624
1645,3/4/2016 14:00,1805
1546,3/4/2016 15:00,3600
1558,3/4/2016 15:00,0
1559,3/4/2016 15:00,75
1564,3/4/2016 15:00,0
1600,3/4/2016 15:00,0
1604,3/4/2016 15:00,72.10666667
1608,3/4/2016 15:00,1858
1613,3/4/2016 15:00,69.91333333
1617,3/4/2016 15:00,0
1627,3/4/2016 15:00,1743
1632,3/4/2016 15:00,1
1645,3/4/2016 15:00,3906
1546,3/4/2016 16:00,0
1558,3/4/2016 16:00,2807
1559,3/4/2016 16:00,76
1564,3/4/2016 16:00,0
1588,3/4/2016 16:00,1
1600,3/4/2016 16:00,0
1604,3/4/2016 16:00,73.82
1608,3/4/2016 16:00,2435
1613,3/4/2016 16:00,71.18
1617,3/4/2016 16:00,0
1627,3/4/2016 16:00,196
1632,3/4/2016 16:00,3
1645,3/4/2016 16:00,2434
1546,3/4/2016 17:00,2625
1558,3/4/2016 17:00,2497
1559,3/4/2016 17:00,77
1564,3/4/2016 17:00,0
1600,3/4/2016 17:00,0
1604,3/4/2016 17:00,75.72
1608,3/4/2016 17:00,2445
1613,3/4/2016 17:00,72.61333333
1617,3/4/2016 17:00,0
1627,3/4/2016 17:00,1485
1632,3/4/2016 17:00,1
1645,3/4/2016 17:00,2765
1546,3/4/2016 18:00,3481
1558,3/4/2016 18:00,2700
1559,3/4/2016 18:00,78
1564,3/4/2016 18:00,0
1600,3/4/2016 18:00,0
1604,3/4/2016 18:00,77.14
1608,3/4/2016 18:00,2854
1613,3/4/2016 18:00,73.98
1617,3/4/2016 18:00,3600
1627,3/4/2016 18:00,1679
1632,3/4/2016 18:00,3
1645,3/4/2016 18:00,3381
1546,3/4/2016 19:00,1667
1558,3/4/2016 19:00,1737
1559,3/4/2016 19:00,78
1564,3/4/2016 19:00,0
1600,3/4/2016 19:00,0
1604,3/4/2016 19:00,78.00666667
1608,3/4/2016 19:00,0
1613,3/4/2016 19:00,74.94
1617,3/4/2016 19:00,0
1627,3/4/2016 19:00,788
1645,3/4/2016 19:00,1588
1546,3/4/2016 20:00,4258
1558,3/4/2016 20:00,2452
1559,3/4/2016 20:00,79
1564,3/4/2016 20:00,0
1600,3/4/2016 20:00,1117
1604,3/4/2016 20:00,78.16666667
1608,3/4/2016 20:00,1041
1613,3/4/2016 20:00,75.43333333
1617,3/4/2016 20:00,0
1627,3/4/2016 20:00,799
1632,3/4/2016 20:00,1
1645,3/4/2016 20:00,3788
1546,3/4/2016 21:00,2481
1558,3/4/2016 21:00,2494
1559,3/4/2016 21:00,78.33333333
1564,3/4/2016 21:00,0
1579,3/4/2016 21:00,1
1600,3/4/2016 21:00,2900
1604,3/4/2016 21:00,77.99032258
1608,3/4/2016 21:00,1191
1613,3/4/2016 21:00,75.47333333
1617,3/4/2016 21:00,0
1627,3/4/2016 21:00,0
1632,3/4/2016 21:00,1
1645,3/4/2016 21:00,2338
1546,3/4/2016 22:00,399
1558,3/4/2016 22:00,342
1559,3/4/2016 22:00,78
1564,3/4/2016 22:00,0
1579,3/4/2016 22:00,0
1588,3/4/2016 22:00,1
1600,3/4/2016 22:00,0
1604,3/4/2016 22:00,77.42
1608,3/4/2016 22:00,2812
1613,3/4/2016 22:00,75.29333333
1617,3/4/2016 22:00,0
1627,3/4/2016 22:00,1959
1632,3/4/2016 22:00,1
1645,3/4/2016 22:00,1075
1546,3/4/2016 23:00,3495
1558,3/4/2016 23:00,3519
1559,3/4/2016 23:00,78
1564,3/4/2016 23:00,348
1573,3/4/2016 23:00,1
1600,3/4/2016 23:00,344
1604,3/4/2016 23:00,76.83333333
1608,3/4/2016 23:00,234
1613,3/4/2016 23:00,75.04
1617,3/4/2016 23:00,0
1627,3/4/2016 23:00,0
1632,3/4/2016 23:00,1
1645,3/4/2016 23:00,2863
1546,3/5/2016 0:00,179
1558,3/5/2016 0:00,81
1559,3/5/2016 0:00,78
1564,3/5/2016 0:00,0
1600,3/5/2016 0:00,0
1604,3/5/2016 0:00,76.74
1608,3/5/2016 0:00,738
1613,3/5/2016 0:00,74.7
1617,3/5/2016 0:00,3600
1627,3/5/2016 0:00,0
1645,3/5/2016 0:00,106
1546,3/5/2016 1:00,0
1558,3/5/2016 1:00,0
1564,3/5/2016 1:00,0
1579,3/5/2016 1:00,1
1600,3/5/2016 1:00,0
1604,3/5/2016 1:00,75.97333333
1608,3/5/2016 1:00,3766
1613,3/5/2016 1:00,74.03333333
1617,3/5/2016 1:00,0
1627,3/5/2016 1:00,2566
1632,3/5/2016 1:00,1
1645,3/5/2016 1:00,3502
1546,3/5/2016 2:00,5147
1558,3/5/2016 2:00,1535
1559,3/5/2016 2:00,77
1564,3/5/2016 2:00,0
1600,3/5/2016 2:00,0
1604,3/5/2016 2:00,75.37333333
1608,3/5/2016 2:00,3054
1613,3/5/2016 2:00,73.6
1617,3/5/2016 2:00,3600
1627,3/5/2016 2:00,1113
1645,3/5/2016 2:00,3467
1546,3/5/2016 3:00,0
1558,3/5/2016 3:00,146
1559,3/5/2016 3:00,77
1564,3/5/2016 3:00,0
1600,3/5/2016 3:00,0
1604,3/5/2016 3:00,74.64666667
1608,3/5/2016 3:00,0
1613,3/5/2016 3:00,73.04
1617,3/5/2016 3:00,3600
1627,3/5/2016 3:00,97
1645,3/5/2016 3:00,0
1546,3/5/2016 4:00,0
1558,3/5/2016 4:00,0
1564,3/5/2016 4:00,0
1600,3/5/2016 4:00,0
1604,3/5/2016 4:00,73.76
1608,3/5/2016 4:00,0
1613,3/5/2016 4:00,72.39333333
1617,3/5/2016 4:00,0
1627,3/5/2016 4:00,0
1645,3/5/2016 4:00,0
1546,3/5/2016 5:00,0
1558,3/5/2016 5:00,0
1564,3/5/2016 5:00,0
1600,3/5/2016 5:00,0
1604,3/5/2016 5:00,73
1608,3/5/2016 5:00,0
1613,3/5/2016 5:00,71.7
1617,3/5/2016 5:00,0
1627,3/5/2016 5:00,0
1645,3/5/2016 5:00,0
1546,3/5/2016 6:00,0
1558,3/5/2016 6:00,0
1564,3/5/2016 6:00,0
1600,3/5/2016 6:00,0
1604,3/5/2016 6:00,72.30666667
1608,3/5/2016 6:00,0
1613,3/5/2016 6:00,71
1617,3/5/2016 6:00,0
1627,3/5/2016 6:00,0
1645,3/5/2016 6:00,0
1546,3/5/2016 7:00,0
1558,3/5/2016 7:00,0
1564,3/5/2016 7:00,0
1600,3/5/2016 7:00,0
1604,3/5/2016 7:00,71.62
1608,3/5/2016 7:00,0
1613,3/5/2016 7:00,70.32666667
1617,3/5/2016 7:00,0
1627,3/5/2016 7:00,0
1645,3/5/2016 7:00,0
1546,3/5/2016 8:00,101
1558,3/5/2016 8:00,490
1559,3/5/2016 8:00,74
1564,3/5/2016 8:00,0
1600,3/5/2016 8:00,0
1604,3/5/2016 8:00,70.99333333
1608,3/5/2016 8:00,0
1613,3/5/2016 8:00,69.72
1617,3/5/2016 8:00,0
1627,3/5/2016 8:00,0
1645,3/5/2016 8:00,0
1546,3/5/2016 9:00,0
1558,3/5/2016 9:00,0
1559,3/5/2016 9:00,73
1564,3/5/2016 9:00,0
1600,3/5/2016 9:00,0
1604,3/5/2016 9:00,70.34
1608,3/5/2016 9:00,0
1613,3/5/2016 9:00,69.11333333
1617,3/5/2016 9:00,0
1627,3/5/2016 9:00,0
1645,3/5/2016 9:00,0
1546,3/5/2016 10:00,0
1558,3/5/2016 10:00,0
1564,3/5/2016 10:00,0
1600,3/5/2016 10:00,0
1604,3/5/2016 10:00,69.86
1608,3/5/2016 10:00,0
1613,3/5/2016 10:00,68.62
1617,3/5/2016 10:00,0
1627,3/5/2016 10:00,0
1645,3/5/2016 10:00,0
1546,3/5/2016 11:00,97
1558,3/5/2016 11:00,0
1564,3/5/2016 11:00,0
1600,3/5/2016 11:00,0
1604,3/5/2016 11:00,69.5
1608,3/5/2016 11:00,0
1613,3/5/2016 11:00,68.18666667
1617,3/5/2016 11:00,0
1627,3/5/2016 11:00,0
1645,3/5/2016 11:00,0
1546,3/5/2016 12:00,0
1558,3/5/2016 12:00,0
1564,3/5/2016 12:00,0
1600,3/5/2016 12:00,0
1604,3/5/2016 12:00,69.16666667
1608,3/5/2016 12:00,0
1613,3/5/2016 12:00,67.89333333
1617,3/5/2016 12:00,0
1627,3/5/2016 12:00,0
1645,3/5/2016 12:00,0
1546,3/5/2016 13:00,69
1558,3/5/2016 13:00,1644
1559,3/5/2016 13:00,72
1564,3/5/2016 13:00,0
1573,3/5/2016 13:00,1
1579,3/5/2016 13:00,1
1600,3/5/2016 13:00,0
1604,3/5/2016 13:00,69.13333333
1608,3/5/2016 13:00,1633
1613,3/5/2016 13:00,67.71333333
1617,3/5/2016 13:00,0
1627,3/5/2016 13:00,0
1632,3/5/2016 13:00,3
1645,3/5/2016 13:00,1911
1546,3/5/2016 14:00,2055
1558,3/5/2016 14:00,3266
1559,3/5/2016 14:00,72.33333333
1564,3/5/2016 14:00,0
1600,3/5/2016 14:00,0
1604,3/5/2016 14:00,69.76666667
1608,3/5/2016 14:00,0
1613,3/5/2016 14:00,67.97333333
1617,3/5/2016 14:00,3600
1618,3/5/2016 14:00,1
1627,3/5/2016 14:00,3062
1645,3/5/2016 14:00,2843
1546,3/5/2016 15:00,0
1558,3/5/2016 15:00,0
1559,3/5/2016 15:00,73
1564,3/5/2016 15:00,0
1600,3/5/2016 15:00,0
1604,3/5/2016 15:00,71.08666667
1608,3/5/2016 15:00,0
1613,3/5/2016 15:00,68.96
1617,3/5/2016 15:00,0
1627,3/5/2016 15:00,1319
1645,3/5/2016 15:00,187
1546,3/5/2016 16:00,4575
1558,3/5/2016 16:00,1768
1559,3/5/2016 16:00,75
1564,3/5/2016 16:00,0
1588,3/5/2016 16:00,1
1600,3/5/2016 16:00,0
1604,3/5/2016 16:00,73.3
1608,3/5/2016 16:00,720
1613,3/5/2016 16:00,71.44
1617,3/5/2016 16:00,665
1618,3/5/2016 16:00,1
1627,3/5/2016 16:00,505
1632,3/5/2016 16:00,3
1645,3/5/2016 16:00,6012
1546,3/5/2016 17:00,3055
1558,3/5/2016 17:00,2996
1559,3/5/2016 17:00,76.25
1564,3/5/2016 17:00,0
1600,3/5/2016 17:00,0
1604,3/5/2016 17:00,75.27333333
1608,3/5/2016 17:00,3000
1613,3/5/2016 17:00,72.21333333
1617,3/5/2016 17:00,0
1627,3/5/2016 17:00,1542
1632,3/5/2016 17:00,2
1645,3/5/2016 17:00,891
1546,3/5/2016 18:00,2719
1558,3/5/2016 18:00,2916
1559,3/5/2016 18:00,77
1564,3/5/2016 18:00,0
1579,3/5/2016 18:00,1
1600,3/5/2016 18:00,0
1604,3/5/2016 18:00,77.01333333
1608,3/5/2016 18:00,959
1613,3/5/2016 18:00,73.4
1617,3/5/2016 18:00,0
1618,3/5/2016 18:00,2
1627,3/5/2016 18:00,2366
1645,3/5/2016 18:00,1126
1546,3/5/2016 19:00,0
1558,3/5/2016 19:00,2553
1559,3/5/2016 19:00,78
1564,3/5/2016 19:00,0
1600,3/5/2016 19:00,0
1604,3/5/2016 19:00,78.10666667
1608,3/5/2016 19:00,2344
1613,3/5/2016 19:00,74.52
1617,3/5/2016 19:00,0
1627,3/5/2016 19:00,813
1632,3/5/2016 19:00,1
1645,3/5/2016 19:00,3363
1546,3/5/2016 20:00,0
1558,3/5/2016 20:00,136
1559,3/5/2016 20:00,78
1564,3/5/2016 20:00,0
1588,3/5/2016 20:00,1
1600,3/5/2016 20:00,0
1604,3/5/2016 20:00,78.08
1608,3/5/2016 20:00,753
1613,3/5/2016 20:00,75.08666667
1617,3/5/2016 20:00,0
1627,3/5/2016 20:00,1763
1645,3/5/2016 20:00,1035
1546,3/5/2016 21:00,0
1558,3/5/2016 21:00,0
1559,3/5/2016 21:00,79
1564,3/5/2016 21:00,0
1600,3/5/2016 21:00,0
1604,3/5/2016 21:00,77.42666667
1608,3/5/2016 21:00,0
1613,3/5/2016 21:00,75.10666667
1617,3/5/2016 21:00,0
1627,3/5/2016 21:00,2522
1645,3/5/2016 21:00,0
1546,3/5/2016 22:00,3600
1558,3/5/2016 22:00,0
1564,3/5/2016 22:00,0
1579,3/5/2016 22:00,1
1600,3/5/2016 22:00,0
1604,3/5/2016 22:00,77.04666667
1608,3/5/2016 22:00,838
1613,3/5/2016 22:00,74.96428571
1617,3/5/2016 22:00,0
1618,3/5/2016 22:00,1
1627,3/5/2016 22:00,1096
1645,3/5/2016 22:00,4025
1546,3/5/2016 23:00,0
1558,3/5/2016 23:00,2170
1559,3/5/2016 23:00,78
1564,3/5/2016 23:00,0
1600,3/5/2016 23:00,0
1604,3/5/2016 23:00,76.98666667
1608,3/5/2016 23:00,2102
1613,3/5/2016 23:00,74.73333333
1617,3/5/2016 23:00,0
1627,3/5/2016 23:00,2150
1645,3/5/2016 23:00,1996
1546,3/6/2016 0:00,0
1558,3/6/2016 0:00,0
1564,3/6/2016 0:00,1755
1600,3/6/2016 0:00,0
1604,3/6/2016 0:00,76.54666667
1608,3/6/2016 0:00,1901
1613,3/6/2016 0:00,74.34666667
1617,3/6/2016 0:00,0
1627,3/6/2016 0:00,0
1632,3/6/2016 0:00,1
1645,3/6/2016 0:00,3127
1546,3/6/2016 1:00,4872
1558,3/6/2016 1:00,1292
1559,3/6/2016 1:00,78
1564,3/6/2016 1:00,0
1600,3/6/2016 1:00,0
1604,3/6/2016 1:00,76.31333333
1608,3/6/2016 1:00,974
1613,3/6/2016 1:00,74.01333333
1617,3/6/2016 1:00,3600
1627,3/6/2016 1:00,0
1632,3/6/2016 1:00,2
1645,3/6/2016 1:00,1698
1546,3/6/2016 2:00,2382
1558,3/6/2016 2:00,3199
1559,3/6/2016 2:00,77.71428571
1564,3/6/2016 2:00,0
1579,3/6/2016 2:00,1
1600,3/6/2016 2:00,0
1604,3/6/2016 2:00,75.97333333
1608,3/6/2016 2:00,2534
1613,3/6/2016 2:00,73.84666667
1617,3/6/2016 2:00,0
1627,3/6/2016 2:00,654
1645,3/6/2016 2:00,4398
1546,3/6/2016 3:00,0
1558,3/6/2016 3:00,0
1559,3/6/2016 3:00,77
1564,3/6/2016 3:00,0
1600,3/6/2016 3:00,0
1604,3/6/2016 3:00,75.32666667
1608,3/6/2016 3:00,0
1613,3/6/2016 3:00,73.49333333
1617,3/6/2016 3:00,3600
1627,3/6/2016 3:00,0
1645,3/6/2016 3:00,124
1546,3/6/2016 4:00,0
1558,3/6/2016 4:00,0
1559,3/6/2016 4:00,77
1564,3/6/2016 4:00,0
1573,3/6/2016 4:00,0
1579,3/6/2016 4:00,0
1588,3/6/2016 4:00,0
1600,3/6/2016 4:00,0
1604,3/6/2016 4:00,74.65483871
1608,3/6/2016 4:00,0
1613,3/6/2016 4:00,73.08064516
1617,3/6/2016 4:00,0
1618,3/6/2016 4:00,0
1627,3/6/2016 4:00,0
1632,3/6/2016 4:00,0
1645,3/6/2016 4:00,0
